Observation id,Observation date,Description,Observation duration,Observation type,Source,Time offset (s),Media duration (s),FPS,Subject,Behavior,Behavioral category,Behavior type,Time,Media file name,Image index,Image file path,Comment
T8D1_GX030333,2024-03-12 11:55:15.367,,2049.16000003814697265625,Media file(s),player #1:D:/backup/Turtle_8_1203/day1/acc_analysis/GX030333.MP4,1678624388.0,2063.360,25.000,,gopro_time,,POINT,1678624388.040,Not found,NA,NA,13:33:08
T8D1_GX030333,2024-03-12 11:55:15.367,,2049.16000003814697265625,Media file(s),player #1:D:/backup/Turtle_8_1203/day1/acc_analysis/GX030333.MP4,1678624388.0,2063.360,25.000,,flippers,,START,1678624388.080,Not found,2,NA,
T8D1_GX030333,2024-03-12 11:55:15.367,,2049.16000003814697265625,Media file(s),player #1:D:/backup/Turtle_8_1203/day1/acc_analysis/GX030333.MP4,1678624388.0,2063.360,25.000,,biting,,START,1678624390.000,Not found,50,NA,
T8D1_GX030333,2024-03-12 11:55:15.367,,2049.16000003814697265625,Media file(s),player #1:D:/backup/Turtle_8_1203/day1/acc_analysis/GX030333.MP4,1678624388.0,2063.360,25.000,,flippers,,STOP,1678624390.000,Not found,50,NA,
T8D1_GX030333,2024-03-12 11:55:15.367,,2049.16000003814697265625,Media file(s),player #1:D:/backup/Turtle_8_1203/day1/acc_analysis/GX030333.MP4,1678624388.0,2063.360,25.000,,biting,,STOP,1678624393.359,Not found,NA,NA,
T8D1_GX030333,2024-03-12 11:55:15.367,,2049.16000003814697265625,Media file(s),player #1:D:/backup/Turtle_8_1203/day1/acc_analysis/GX030333.MP4,1678624388.0,2063.360,25.000,,flippers,,START,1678624393.360,Not found,134,NA,
T8D1_GX030333,2024-03-12 11:55:15.367,,2049.16000003814697265625,Media file(s),player #1:D:/backup/Turtle_8_1203/day1/acc_analysis/GX030333.MP4,1678624388.0,2063.360,25.000,,flippers,,STOP,1678624397.880,Not found,247,NA,
T8D1_GX030333,2024-03-12 11:55:15.367,,2049.16000003814697265625,Media file(s),player #1:D:/backup/Turtle_8_1203/day1/acc_analysis/GX030333.MP4,1678624388.0,2063.360,25.000,,locate food,,START,1678624397.880,Not found,247,NA,
T8D1_GX030333,2024-03-12 11:55:15.367,,2049.16000003814697265625,Media file(s),player #1:D:/backup/Turtle_8_1203/day1/acc_analysis/GX030333.MP4,1678624388.0,2063.360,25.000,,locate food,,STOP,1678624402.639,Not found,NA,NA,
T8D1_GX030333,2024-03-12 11:55:15.367,,2049.16000003814697265625,Media file(s),player #1:D:/backup/Turtle_8_1203/day1/acc_analysis/GX030333.MP4,1678624388.0,2063.360,25.000,,biting,,START,1678624402.640,Not found,366,NA,
T8D1_GX030333,2024-03-12 11:55:15.367,,2049.16000003814697265625,Media file(s),player #1:D:/backup/Turtle_8_1203/day1/acc_analysis/GX030333.MP4,1678624388.0,2063.360,25.000,,biting,,STOP,1678624404.679,Not found,NA,NA,
T8D1_GX030333,2024-03-12 11:55:15.367,,2049.16000003814697265625,Media file(s),player #1:D:/backup/Turtle_8_1203/day1/acc_analysis/GX030333.MP4,1678624388.0,2063.360,25.000,,flippers,,START,1678624404.680,Not found,417,NA,
T8D1_GX030333,2024-03-12 11:55:15.367,,2049.16000003814697265625,Media file(s),player #1:D:/backup/Turtle_8_1203/day1/acc_analysis/GX030333.MP4,1678624388.0,2063.360,25.000,,flippers,,STOP,1678624407.120,Not found,478,NA,
T8D1_GX030333,2024-03-12 11:55:15.367,,2049.16000003814697265625,Media file(s),player #1:D:/backup/Turtle_8_1203/day1/acc_analysis/GX030333.MP4,1678624388.0,2063.360,25.000,,locate food,,START,1678624407.120,Not found,478,NA,
T8D1_GX030333,2024-03-12 11:55:15.367,,2049.16000003814697265625,Media file(s),player #1:D:/backup/Turtle_8_1203/day1/acc_analysis/GX030333.MP4,1678624388.0,2063.360,25.000,,locate food,,STOP,1678624415.480,Not found,687,NA,
T8D1_GX030333,2024-03-12 11:55:15.367,,2049.16000003814697265625,Media file(s),player #1:D:/backup/Turtle_8_1203/day1/acc_analysis/GX030333.MP4,1678624388.0,2063.360,25.000,,swimming,,START,1678624417.800,Not found,745,NA,
T8D1_GX030333,2024-03-12 11:55:15.367,,2049.16000003814697265625,Media file(s),player #1:D:/backup/Turtle_8_1203/day1/acc_analysis/GX030333.MP4,1678624388.0,2063.360,25.000,,swimming,,STOP,1678624437.840,Not found,1246,NA,
T8D1_GX030333,2024-03-12 11:55:15.367,,2049.16000003814697265625,Media file(s),player #1:D:/backup/Turtle_8_1203/day1/acc_analysis/GX030333.MP4,1678624388.0,2063.360,25.000,,swimming,,START,1678624439.120,Not found,1278,NA,
T8D1_GX030333,2024-03-12 11:55:15.367,,2049.16000003814697265625,Media file(s),player #1:D:/backup/Turtle_8_1203/day1/acc_analysis/GX030333.MP4,1678624388.0,2063.360,25.000,,swimming,,STOP,1678624449.800,Not found,1545,NA,
T8D1_GX030333,2024-03-12 11:55:15.367,,2049.16000003814697265625,Media file(s),player #1:D:/backup/Turtle_8_1203/day1/acc_analysis/GX030333.MP4,1678624388.0,2063.360,25.000,,swimming,,START,1678624451.160,Not found,1579,NA,
T8D1_GX030333,2024-03-12 11:55:15.367,,2049.16000003814697265625,Media file(s),player #1:D:/backup/Turtle_8_1203/day1/acc_analysis/GX030333.MP4,1678624388.0,2063.360,25.000,,swimming,,STOP,1678624456.080,Not found,1702,NA,
T8D1_GX030333,2024-03-12 11:55:15.367,,2049.16000003814697265625,Media file(s),player #1:D:/backup/Turtle_8_1203/day1/acc_analysis/GX030333.MP4,1678624388.0,2063.360,25.000,,biting,,START,1678624457.000,Not found,1725,NA,
T8D1_GX030333,2024-03-12 11:55:15.367,,2049.16000003814697265625,Media file(s),player #1:D:/backup/Turtle_8_1203/day1/acc_analysis/GX030333.MP4,1678624388.0,2063.360,25.000,,biting,,STOP,1678624459.640,Not found,1791,NA,
T8D1_GX030333,2024-03-12 11:55:15.367,,2049.16000003814697265625,Media file(s),player #1:D:/backup/Turtle_8_1203/day1/acc_analysis/GX030333.MP4,1678624388.0,2063.360,25.000,,swimming,,START,1678624459.920,Not found,1798,NA,
T8D1_GX030333,2024-03-12 11:55:15.367,,2049.16000003814697265625,Media file(s),player #1:D:/backup/Turtle_8_1203/day1/acc_analysis/GX030333.MP4,1678624388.0,2063.360,25.000,,swimming,,STOP,1678624489.359,Not found,NA,NA,
T8D1_GX030333,2024-03-12 11:55:15.367,,2049.16000003814697265625,Media file(s),player #1:D:/backup/Turtle_8_1203/day1/acc_analysis/GX030333.MP4,1678624388.0,2063.360,25.000,,swimming,,START,1678624489.360,Not found,2534,NA,was u turn
T8D1_GX030333,2024-03-12 11:55:15.367,,2049.16000003814697265625,Media file(s),player #1:D:/backup/Turtle_8_1203/day1/acc_analysis/GX030333.MP4,1678624388.0,2063.360,25.000,,swimming,,STOP,1678624493.600,Not found,2640,NA,was u turn
T8D1_GX030333,2024-03-12 11:55:15.367,,2049.16000003814697265625,Media file(s),player #1:D:/backup/Turtle_8_1203/day1/acc_analysis/GX030333.MP4,1678624388.0,2063.360,25.000,,swimming,,START,1678624511.840,Not found,3096,NA,
T8D1_GX030333,2024-03-12 11:55:15.367,,2049.16000003814697265625,Media file(s),player #1:D:/backup/Turtle_8_1203/day1/acc_analysis/GX030333.MP4,1678624388.0,2063.360,25.000,,swimming,,STOP,1678624513.280,Not found,3132,NA,
T8D1_GX030333,2024-03-12 11:55:15.367,,2049.16000003814697265625,Media file(s),player #1:D:/backup/Turtle_8_1203/day1/acc_analysis/GX030333.MP4,1678624388.0,2063.360,25.000,,swimming,,START,1678624551.799,Not found,NA,NA,
T8D1_GX030333,2024-03-12 11:55:15.367,,2049.16000003814697265625,Media file(s),player #1:D:/backup/Turtle_8_1203/day1/acc_analysis/GX030333.MP4,1678624388.0,2063.360,25.000,,breathing,,START,1678624551.800,Not found,4095,NA,
T8D1_GX030333,2024-03-12 11:55:15.367,,2049.16000003814697265625,Media file(s),player #1:D:/backup/Turtle_8_1203/day1/acc_analysis/GX030333.MP4,1678624388.0,2063.360,25.000,,breathing,,STOP,1678624555.279,Not found,NA,NA,
T8D1_GX030333,2024-03-12 11:55:15.367,,2049.16000003814697265625,Media file(s),player #1:D:/backup/Turtle_8_1203/day1/acc_analysis/GX030333.MP4,1678624388.0,2063.360,25.000,,swimming,,STOP,1678624555.280,Not found,4182,NA,
T8D1_GX030333,2024-03-12 11:55:15.367,,2049.16000003814697265625,Media file(s),player #1:D:/backup/Turtle_8_1203/day1/acc_analysis/GX030333.MP4,1678624388.0,2063.360,25.000,,swimming,,START,1678624579.759,Not found,NA,NA,
T8D1_GX030333,2024-03-12 11:55:15.367,,2049.16000003814697265625,Media file(s),player #1:D:/backup/Turtle_8_1203/day1/acc_analysis/GX030333.MP4,1678624388.0,2063.360,25.000,,swimming,,STOP,1678624584.320,Not found,4908,NA,
T8D1_GX030333,2024-03-12 11:55:15.367,,2049.16000003814697265625,Media file(s),player #1:D:/backup/Turtle_8_1203/day1/acc_analysis/GX030333.MP4,1678624388.0,2063.360,25.000,,edge,,START,1678624591.600,Not found,5090,NA,
T8D1_GX030333,2024-03-12 11:55:15.367,,2049.16000003814697265625,Media file(s),player #1:D:/backup/Turtle_8_1203/day1/acc_analysis/GX030333.MP4,1678624388.0,2063.360,25.000,,edge,,STOP,1678624602.400,Not found,5360,NA,
T8D1_GX030333,2024-03-12 11:55:15.367,,2049.16000003814697265625,Media file(s),player #1:D:/backup/Turtle_8_1203/day1/acc_analysis/GX030333.MP4,1678624388.0,2063.360,25.000,,swimming,,START,1678624611.080,Not found,5577,NA,
T8D1_GX030333,2024-03-12 11:55:15.367,,2049.16000003814697265625,Media file(s),player #1:D:/backup/Turtle_8_1203/day1/acc_analysis/GX030333.MP4,1678624388.0,2063.360,25.000,,swimming,,STOP,1678624640.680,Not found,6317,NA,
T8D1_GX030333,2024-03-12 11:55:15.367,,2049.16000003814697265625,Media file(s),player #1:D:/backup/Turtle_8_1203/day1/acc_analysis/GX030333.MP4,1678624388.0,2063.360,25.000,,u-turn,,START,1678624644.440,Not found,6411,NA,
T8D1_GX030333,2024-03-12 11:55:15.367,,2049.16000003814697265625,Media file(s),player #1:D:/backup/Turtle_8_1203/day1/acc_analysis/GX030333.MP4,1678624388.0,2063.360,25.000,,u-turn,,STOP,1678624648.560,Not found,6514,NA,
T8D1_GX030333,2024-03-12 11:55:15.367,,2049.16000003814697265625,Media file(s),player #1:D:/backup/Turtle_8_1203/day1/acc_analysis/GX030333.MP4,1678624388.0,2063.360,25.000,,breathing,,START,1678624649.840,Not found,6546,NA,
T8D1_GX030333,2024-03-12 11:55:15.367,,2049.16000003814697265625,Media file(s),player #1:D:/backup/Turtle_8_1203/day1/acc_analysis/GX030333.MP4,1678624388.0,2063.360,25.000,,breathing,,STOP,1678624652.079,Not found,NA,NA,
T8D1_GX030333,2024-03-12 11:55:15.367,,2049.16000003814697265625,Media file(s),player #1:D:/backup/Turtle_8_1203/day1/acc_analysis/GX030333.MP4,1678624388.0,2063.360,25.000,,swimming,,START,1678624790.120,Not found,10053,NA,
T8D1_GX030333,2024-03-12 11:55:15.367,,2049.16000003814697265625,Media file(s),player #1:D:/backup/Turtle_8_1203/day1/acc_analysis/GX030333.MP4,1678624388.0,2063.360,25.000,,swimming in place,,START,1678624794.560,Not found,10164,NA,
T8D1_GX030333,2024-03-12 11:55:15.367,,2049.16000003814697265625,Media file(s),player #1:D:/backup/Turtle_8_1203/day1/acc_analysis/GX030333.MP4,1678624388.0,2063.360,25.000,,swimming in place,,STOP,1678624810.079,Not found,NA,NA,
T8D1_GX030333,2024-03-12 11:55:15.367,,2049.16000003814697265625,Media file(s),player #1:D:/backup/Turtle_8_1203/day1/acc_analysis/GX030333.MP4,1678624388.0,2063.360,25.000,,swimming,,STOP,1678624810.080,Not found,10552,NA,
T8D1_GX030333,2024-03-12 11:55:15.367,,2049.16000003814697265625,Media file(s),player #1:D:/backup/Turtle_8_1203/day1/acc_analysis/GX030333.MP4,1678624388.0,2063.360,25.000,,swimming,,START,1678624824.159,Not found,NA,NA,
T8D1_GX030333,2024-03-12 11:55:15.367,,2049.16000003814697265625,Media file(s),player #1:D:/backup/Turtle_8_1203/day1/acc_analysis/GX030333.MP4,1678624388.0,2063.360,25.000,,locate food,,START,1678624824.160,Not found,10904,NA,
T8D1_GX030333,2024-03-12 11:55:15.367,,2049.16000003814697265625,Media file(s),player #1:D:/backup/Turtle_8_1203/day1/acc_analysis/GX030333.MP4,1678624388.0,2063.360,25.000,,locate food,,STOP,1678624825.160,Not found,10929,NA,
T8D1_GX030333,2024-03-12 11:55:15.367,,2049.16000003814697265625,Media file(s),player #1:D:/backup/Turtle_8_1203/day1/acc_analysis/GX030333.MP4,1678624388.0,2063.360,25.000,,biting,,START,1678624826.960,Not found,10974,NA,
T8D1_GX030333,2024-03-12 11:55:15.367,,2049.16000003814697265625,Media file(s),player #1:D:/backup/Turtle_8_1203/day1/acc_analysis/GX030333.MP4,1678624388.0,2063.360,25.000,,biting,,STOP,1678624843.640,Not found,11391,NA,
T8D1_GX030333,2024-03-12 11:55:15.367,,2049.16000003814697265625,Media file(s),player #1:D:/backup/Turtle_8_1203/day1/acc_analysis/GX030333.MP4,1678624388.0,2063.360,25.000,,swimming,,STOP,1678624846.280,Not found,11458,NA,
T8D1_GX030333,2024-03-12 11:55:15.367,,2049.16000003814697265625,Media file(s),player #1:D:/backup/Turtle_8_1203/day1/acc_analysis/GX030333.MP4,1678624388.0,2063.360,25.000,,swimming,,START,1678624875.800,Not found,12195,NA,
T8D1_GX030333,2024-03-12 11:55:15.367,,2049.16000003814697265625,Media file(s),player #1:D:/backup/Turtle_8_1203/day1/acc_analysis/GX030333.MP4,1678624388.0,2063.360,25.000,,swimming,,STOP,1678624882.320,Not found,12358,NA,
T8D1_GX030333,2024-03-12 11:55:15.367,,2049.16000003814697265625,Media file(s),player #1:D:/backup/Turtle_8_1203/day1/acc_analysis/GX030333.MP4,1678624388.0,2063.360,25.000,,swimming,,START,1678624921.520,Not found,13338,NA,
T8D1_GX030333,2024-03-12 11:55:15.367,,2049.16000003814697265625,Media file(s),player #1:D:/backup/Turtle_8_1203/day1/acc_analysis/GX030333.MP4,1678624388.0,2063.360,25.000,,swimming,,STOP,1678624925.800,Not found,13445,NA,
T8D1_GX030333,2024-03-12 11:55:15.367,,2049.16000003814697265625,Media file(s),player #1:D:/backup/Turtle_8_1203/day1/acc_analysis/GX030333.MP4,1678624388.0,2063.360,25.000,,swimming,,START,1678624952.159,Not found,NA,NA,
T8D1_GX030333,2024-03-12 11:55:15.367,,2049.16000003814697265625,Media file(s),player #1:D:/backup/Turtle_8_1203/day1/acc_analysis/GX030333.MP4,1678624388.0,2063.360,25.000,,biting,,START,1678624952.160,Not found,14104,NA,
T8D1_GX030333,2024-03-12 11:55:15.367,,2049.16000003814697265625,Media file(s),player #1:D:/backup/Turtle_8_1203/day1/acc_analysis/GX030333.MP4,1678624388.0,2063.360,25.000,,biting,,STOP,1678624967.600,Not found,14490,NA,
T8D1_GX030333,2024-03-12 11:55:15.367,,2049.16000003814697265625,Media file(s),player #1:D:/backup/Turtle_8_1203/day1/acc_analysis/GX030333.MP4,1678624388.0,2063.360,25.000,,flippers,,START,1678624967.600,Not found,14490,NA,
T8D1_GX030333,2024-03-12 11:55:15.367,,2049.16000003814697265625,Media file(s),player #1:D:/backup/Turtle_8_1203/day1/acc_analysis/GX030333.MP4,1678624388.0,2063.360,25.000,,flippers,,STOP,1678624969.919,Not found,NA,NA,
T8D1_GX030333,2024-03-12 11:55:15.367,,2049.16000003814697265625,Media file(s),player #1:D:/backup/Turtle_8_1203/day1/acc_analysis/GX030333.MP4,1678624388.0,2063.360,25.000,,biting,,START,1678624969.920,Not found,14548,NA,
T8D1_GX030333,2024-03-12 11:55:15.367,,2049.16000003814697265625,Media file(s),player #1:D:/backup/Turtle_8_1203/day1/acc_analysis/GX030333.MP4,1678624388.0,2063.360,25.000,,biting,,STOP,1678624972.119,Not found,NA,NA,
T8D1_GX030333,2024-03-12 11:55:15.367,,2049.16000003814697265625,Media file(s),player #1:D:/backup/Turtle_8_1203/day1/acc_analysis/GX030333.MP4,1678624388.0,2063.360,25.000,,flippers,,START,1678624972.120,Not found,14603,NA,
T8D1_GX030333,2024-03-12 11:55:15.367,,2049.16000003814697265625,Media file(s),player #1:D:/backup/Turtle_8_1203/day1/acc_analysis/GX030333.MP4,1678624388.0,2063.360,25.000,,flippers,,STOP,1678624974.759,Not found,NA,NA,
T8D1_GX030333,2024-03-12 11:55:15.367,,2049.16000003814697265625,Media file(s),player #1:D:/backup/Turtle_8_1203/day1/acc_analysis/GX030333.MP4,1678624388.0,2063.360,25.000,,locate food,,START,1678624974.760,Not found,14669,NA,
T8D1_GX030333,2024-03-12 11:55:15.367,,2049.16000003814697265625,Media file(s),player #1:D:/backup/Turtle_8_1203/day1/acc_analysis/GX030333.MP4,1678624388.0,2063.360,25.000,,locate food,,STOP,1678624976.719,Not found,NA,NA,
T8D1_GX030333,2024-03-12 11:55:15.367,,2049.16000003814697265625,Media file(s),player #1:D:/backup/Turtle_8_1203/day1/acc_analysis/GX030333.MP4,1678624388.0,2063.360,25.000,,biting,,START,1678624976.720,Not found,14718,NA,
T8D1_GX030333,2024-03-12 11:55:15.367,,2049.16000003814697265625,Media file(s),player #1:D:/backup/Turtle_8_1203/day1/acc_analysis/GX030333.MP4,1678624388.0,2063.360,25.000,,biting,,STOP,1678624980.639,Not found,NA,NA,
T8D1_GX030333,2024-03-12 11:55:15.367,,2049.16000003814697265625,Media file(s),player #1:D:/backup/Turtle_8_1203/day1/acc_analysis/GX030333.MP4,1678624388.0,2063.360,25.000,,flippers,,START,1678624980.640,Not found,14816,NA,
T8D1_GX030333,2024-03-12 11:55:15.367,,2049.16000003814697265625,Media file(s),player #1:D:/backup/Turtle_8_1203/day1/acc_analysis/GX030333.MP4,1678624388.0,2063.360,25.000,,flippers,,STOP,1678624982.719,Not found,NA,NA,
T8D1_GX030333,2024-03-12 11:55:15.367,,2049.16000003814697265625,Media file(s),player #1:D:/backup/Turtle_8_1203/day1/acc_analysis/GX030333.MP4,1678624388.0,2063.360,25.000,,biting,,START,1678624982.720,Not found,14868,NA,
T8D1_GX030333,2024-03-12 11:55:15.367,,2049.16000003814697265625,Media file(s),player #1:D:/backup/Turtle_8_1203/day1/acc_analysis/GX030333.MP4,1678624388.0,2063.360,25.000,,biting,,STOP,1678624983.919,Not found,NA,NA,
T8D1_GX030333,2024-03-12 11:55:15.367,,2049.16000003814697265625,Media file(s),player #1:D:/backup/Turtle_8_1203/day1/acc_analysis/GX030333.MP4,1678624388.0,2063.360,25.000,,flippers,,START,1678624983.920,Not found,14898,NA,
T8D1_GX030333,2024-03-12 11:55:15.367,,2049.16000003814697265625,Media file(s),player #1:D:/backup/Turtle_8_1203/day1/acc_analysis/GX030333.MP4,1678624388.0,2063.360,25.000,,flippers,,STOP,1678624985.759,Not found,NA,NA,
T8D1_GX030333,2024-03-12 11:55:15.367,,2049.16000003814697265625,Media file(s),player #1:D:/backup/Turtle_8_1203/day1/acc_analysis/GX030333.MP4,1678624388.0,2063.360,25.000,,biting,,START,1678624985.760,Not found,14944,NA,
T8D1_GX030333,2024-03-12 11:55:15.367,,2049.16000003814697265625,Media file(s),player #1:D:/backup/Turtle_8_1203/day1/acc_analysis/GX030333.MP4,1678624388.0,2063.360,25.000,,biting,,STOP,1678624987.319,Not found,NA,NA,
T8D1_GX030333,2024-03-12 11:55:15.367,,2049.16000003814697265625,Media file(s),player #1:D:/backup/Turtle_8_1203/day1/acc_analysis/GX030333.MP4,1678624388.0,2063.360,25.000,,locate food,,START,1678624987.320,Not found,14983,NA,
T8D1_GX030333,2024-03-12 11:55:15.367,,2049.16000003814697265625,Media file(s),player #1:D:/backup/Turtle_8_1203/day1/acc_analysis/GX030333.MP4,1678624388.0,2063.360,25.000,,locate food,,STOP,1678624989.439,Not found,NA,NA,
T8D1_GX030333,2024-03-12 11:55:15.367,,2049.16000003814697265625,Media file(s),player #1:D:/backup/Turtle_8_1203/day1/acc_analysis/GX030333.MP4,1678624388.0,2063.360,25.000,,biting,,START,1678624989.440,Not found,15036,NA,
T8D1_GX030333,2024-03-12 11:55:15.367,,2049.16000003814697265625,Media file(s),player #1:D:/backup/Turtle_8_1203/day1/acc_analysis/GX030333.MP4,1678624388.0,2063.360,25.000,,biting,,STOP,1678624992.399,Not found,NA,NA,
T8D1_GX030333,2024-03-12 11:55:15.367,,2049.16000003814697265625,Media file(s),player #1:D:/backup/Turtle_8_1203/day1/acc_analysis/GX030333.MP4,1678624388.0,2063.360,25.000,,flippers,,START,1678624992.400,Not found,15110,NA,
T8D1_GX030333,2024-03-12 11:55:15.367,,2049.16000003814697265625,Media file(s),player #1:D:/backup/Turtle_8_1203/day1/acc_analysis/GX030333.MP4,1678624388.0,2063.360,25.000,,flippers,,STOP,1678624994.039,Not found,NA,NA,
T8D1_GX030333,2024-03-12 11:55:15.367,,2049.16000003814697265625,Media file(s),player #1:D:/backup/Turtle_8_1203/day1/acc_analysis/GX030333.MP4,1678624388.0,2063.360,25.000,,biting,,START,1678624994.040,Not found,15151,NA,
T8D1_GX030333,2024-03-12 11:55:15.367,,2049.16000003814697265625,Media file(s),player #1:D:/backup/Turtle_8_1203/day1/acc_analysis/GX030333.MP4,1678624388.0,2063.360,25.000,,biting,,STOP,1678625001.239,Not found,NA,NA,
T8D1_GX030333,2024-03-12 11:55:15.367,,2049.16000003814697265625,Media file(s),player #1:D:/backup/Turtle_8_1203/day1/acc_analysis/GX030333.MP4,1678624388.0,2063.360,25.000,,flippers,,START,1678625001.240,Not found,15331,NA,
T8D1_GX030333,2024-03-12 11:55:15.367,,2049.16000003814697265625,Media file(s),player #1:D:/backup/Turtle_8_1203/day1/acc_analysis/GX030333.MP4,1678624388.0,2063.360,25.000,,flippers,,STOP,1678625003.079,Not found,NA,NA,
T8D1_GX030333,2024-03-12 11:55:15.367,,2049.16000003814697265625,Media file(s),player #1:D:/backup/Turtle_8_1203/day1/acc_analysis/GX030333.MP4,1678624388.0,2063.360,25.000,,biting,,START,1678625003.080,Not found,15377,NA,
T8D1_GX030333,2024-03-12 11:55:15.367,,2049.16000003814697265625,Media file(s),player #1:D:/backup/Turtle_8_1203/day1/acc_analysis/GX030333.MP4,1678624388.0,2063.360,25.000,,biting,,STOP,1678625009.799,Not found,NA,NA,
T8D1_GX030333,2024-03-12 11:55:15.367,,2049.16000003814697265625,Media file(s),player #1:D:/backup/Turtle_8_1203/day1/acc_analysis/GX030333.MP4,1678624388.0,2063.360,25.000,,flippers,,START,1678625009.800,Not found,15545,NA,
T8D1_GX030333,2024-03-12 11:55:15.367,,2049.16000003814697265625,Media file(s),player #1:D:/backup/Turtle_8_1203/day1/acc_analysis/GX030333.MP4,1678624388.0,2063.360,25.000,,flippers,,STOP,1678625013.600,Not found,15640,NA,
T8D1_GX030333,2024-03-12 11:55:15.367,,2049.16000003814697265625,Media file(s),player #1:D:/backup/Turtle_8_1203/day1/acc_analysis/GX030333.MP4,1678624388.0,2063.360,25.000,,locate food,,START,1678625013.600,Not found,15640,NA,
T8D1_GX030333,2024-03-12 11:55:15.367,,2049.16000003814697265625,Media file(s),player #1:D:/backup/Turtle_8_1203/day1/acc_analysis/GX030333.MP4,1678624388.0,2063.360,25.000,,locate food,,STOP,1678625016.919,Not found,NA,NA,
T8D1_GX030333,2024-03-12 11:55:15.367,,2049.16000003814697265625,Media file(s),player #1:D:/backup/Turtle_8_1203/day1/acc_analysis/GX030333.MP4,1678624388.0,2063.360,25.000,,biting,,START,1678625016.920,Not found,15723,NA,
T8D1_GX030333,2024-03-12 11:55:15.367,,2049.16000003814697265625,Media file(s),player #1:D:/backup/Turtle_8_1203/day1/acc_analysis/GX030333.MP4,1678624388.0,2063.360,25.000,,biting,,STOP,1678625031.639,Not found,NA,NA,
T8D1_GX030333,2024-03-12 11:55:15.367,,2049.16000003814697265625,Media file(s),player #1:D:/backup/Turtle_8_1203/day1/acc_analysis/GX030333.MP4,1678624388.0,2063.360,25.000,,flippers,,START,1678625031.640,Not found,16091,NA,
T8D1_GX030333,2024-03-12 11:55:15.367,,2049.16000003814697265625,Media file(s),player #1:D:/backup/Turtle_8_1203/day1/acc_analysis/GX030333.MP4,1678624388.0,2063.360,25.000,,flippers,,STOP,1678625032.919,Not found,NA,NA,
T8D1_GX030333,2024-03-12 11:55:15.367,,2049.16000003814697265625,Media file(s),player #1:D:/backup/Turtle_8_1203/day1/acc_analysis/GX030333.MP4,1678624388.0,2063.360,25.000,,biting,,START,1678625040.160,Not found,16304,NA,
T8D1_GX030333,2024-03-12 11:55:15.367,,2049.16000003814697265625,Media file(s),player #1:D:/backup/Turtle_8_1203/day1/acc_analysis/GX030333.MP4,1678624388.0,2063.360,25.000,,biting,,STOP,1678625046.160,Not found,16454,NA,
T8D1_GX030333,2024-03-12 11:55:15.367,,2049.16000003814697265625,Media file(s),player #1:D:/backup/Turtle_8_1203/day1/acc_analysis/GX030333.MP4,1678624388.0,2063.360,25.000,,flippers,,START,1678625046.160,Not found,16454,NA,
T8D1_GX030333,2024-03-12 11:55:15.367,,2049.16000003814697265625,Media file(s),player #1:D:/backup/Turtle_8_1203/day1/acc_analysis/GX030333.MP4,1678624388.0,2063.360,25.000,,flippers,,STOP,1678625047.880,Not found,16497,NA,
T8D1_GX030333,2024-03-12 11:55:15.367,,2049.16000003814697265625,Media file(s),player #1:D:/backup/Turtle_8_1203/day1/acc_analysis/GX030333.MP4,1678624388.0,2063.360,25.000,,biting,,START,1678625051.400,Not found,16585,NA,
T8D1_GX030333,2024-03-12 11:55:15.367,,2049.16000003814697265625,Media file(s),player #1:D:/backup/Turtle_8_1203/day1/acc_analysis/GX030333.MP4,1678624388.0,2063.360,25.000,,biting,,STOP,1678625059.640,Not found,16791,NA,
T8D1_GX030333,2024-03-12 11:55:15.367,,2049.16000003814697265625,Media file(s),player #1:D:/backup/Turtle_8_1203/day1/acc_analysis/GX030333.MP4,1678624388.0,2063.360,25.000,,swimming,,STOP,1678625060.999,Not found,NA,NA,
T8D1_GX030333,2024-03-12 11:55:15.367,,2049.16000003814697265625,Media file(s),player #1:D:/backup/Turtle_8_1203/day1/acc_analysis/GX030333.MP4,1678624388.0,2063.360,25.000,,u-turn,,START,1678625061.000,Not found,16825,NA,
T8D1_GX030333,2024-03-12 11:55:15.367,,2049.16000003814697265625,Media file(s),player #1:D:/backup/Turtle_8_1203/day1/acc_analysis/GX030333.MP4,1678624388.0,2063.360,25.000,,u-turn,,STOP,1678625068.080,Not found,17002,NA,
T8D1_GX030333,2024-03-12 11:55:15.367,,2049.16000003814697265625,Media file(s),player #1:D:/backup/Turtle_8_1203/day1/acc_analysis/GX030333.MP4,1678624388.0,2063.360,25.000,,biting,,START,1678625070.960,Not found,17074,NA,
T8D1_GX030333,2024-03-12 11:55:15.367,,2049.16000003814697265625,Media file(s),player #1:D:/backup/Turtle_8_1203/day1/acc_analysis/GX030333.MP4,1678624388.0,2063.360,25.000,,biting,,STOP,1678625080.720,Not found,17318,NA,
T8D1_GX030333,2024-03-12 11:55:15.367,,2049.16000003814697265625,Media file(s),player #1:D:/backup/Turtle_8_1203/day1/acc_analysis/GX030333.MP4,1678624388.0,2063.360,25.000,,flippers,,START,1678625080.720,Not found,17318,NA,
T8D1_GX030333,2024-03-12 11:55:15.367,,2049.16000003814697265625,Media file(s),player #1:D:/backup/Turtle_8_1203/day1/acc_analysis/GX030333.MP4,1678624388.0,2063.360,25.000,,flippers,,STOP,1678625082.600,Not found,17365,NA,
T8D1_GX030333,2024-03-12 11:55:15.367,,2049.16000003814697265625,Media file(s),player #1:D:/backup/Turtle_8_1203/day1/acc_analysis/GX030333.MP4,1678624388.0,2063.360,25.000,,biting,,START,1678625092.840,Not found,17621,NA,
T8D1_GX030333,2024-03-12 11:55:15.367,,2049.16000003814697265625,Media file(s),player #1:D:/backup/Turtle_8_1203/day1/acc_analysis/GX030333.MP4,1678624388.0,2063.360,25.000,,biting,,STOP,1678625097.119,Not found,NA,NA,
T8D1_GX030333,2024-03-12 11:55:15.367,,2049.16000003814697265625,Media file(s),player #1:D:/backup/Turtle_8_1203/day1/acc_analysis/GX030333.MP4,1678624388.0,2063.360,25.000,,flippers,,START,1678625097.120,Not found,17728,NA,
T8D1_GX030333,2024-03-12 11:55:15.367,,2049.16000003814697265625,Media file(s),player #1:D:/backup/Turtle_8_1203/day1/acc_analysis/GX030333.MP4,1678624388.0,2063.360,25.000,,flippers,,STOP,1678625098.039,Not found,NA,NA,
T8D1_GX030333,2024-03-12 11:55:15.367,,2049.16000003814697265625,Media file(s),player #1:D:/backup/Turtle_8_1203/day1/acc_analysis/GX030333.MP4,1678624388.0,2063.360,25.000,,biting,,START,1678625098.040,Not found,17751,NA,
T8D1_GX030333,2024-03-12 11:55:15.367,,2049.16000003814697265625,Media file(s),player #1:D:/backup/Turtle_8_1203/day1/acc_analysis/GX030333.MP4,1678624388.0,2063.360,25.000,,biting,,STOP,1678625100.719,Not found,NA,NA,
T8D1_GX030333,2024-03-12 11:55:15.367,,2049.16000003814697265625,Media file(s),player #1:D:/backup/Turtle_8_1203/day1/acc_analysis/GX030333.MP4,1678624388.0,2063.360,25.000,,flippers,,START,1678625100.720,Not found,17818,NA,
T8D1_GX030333,2024-03-12 11:55:15.367,,2049.16000003814697265625,Media file(s),player #1:D:/backup/Turtle_8_1203/day1/acc_analysis/GX030333.MP4,1678624388.0,2063.360,25.000,,flippers,,STOP,1678625102.359,Not found,NA,NA,
T8D1_GX030333,2024-03-12 11:55:15.367,,2049.16000003814697265625,Media file(s),player #1:D:/backup/Turtle_8_1203/day1/acc_analysis/GX030333.MP4,1678624388.0,2063.360,25.000,,biting,,START,1678625102.360,Not found,17859,NA,
T8D1_GX030333,2024-03-12 11:55:15.367,,2049.16000003814697265625,Media file(s),player #1:D:/backup/Turtle_8_1203/day1/acc_analysis/GX030333.MP4,1678624388.0,2063.360,25.000,,biting,,STOP,1678625105.319,Not found,NA,NA,
T8D1_GX030333,2024-03-12 11:55:15.367,,2049.16000003814697265625,Media file(s),player #1:D:/backup/Turtle_8_1203/day1/acc_analysis/GX030333.MP4,1678624388.0,2063.360,25.000,,flippers,,START,1678625105.320,Not found,17933,NA,
T8D1_GX030333,2024-03-12 11:55:15.367,,2049.16000003814697265625,Media file(s),player #1:D:/backup/Turtle_8_1203/day1/acc_analysis/GX030333.MP4,1678624388.0,2063.360,25.000,,flippers,,STOP,1678625106.960,Not found,17975,NA,
T8D1_GX030333,2024-03-12 11:55:15.367,,2049.16000003814697265625,Media file(s),player #1:D:/backup/Turtle_8_1203/day1/acc_analysis/GX030333.MP4,1678624388.0,2063.360,25.000,,biting,,START,1678625112.600,Not found,18115,NA,
T8D1_GX030333,2024-03-12 11:55:15.367,,2049.16000003814697265625,Media file(s),player #1:D:/backup/Turtle_8_1203/day1/acc_analysis/GX030333.MP4,1678624388.0,2063.360,25.000,,biting,,STOP,1678625119.759,Not found,NA,NA,
T8D1_GX030333,2024-03-12 11:55:15.367,,2049.16000003814697265625,Media file(s),player #1:D:/backup/Turtle_8_1203/day1/acc_analysis/GX030333.MP4,1678624388.0,2063.360,25.000,,flippers,,START,1678625119.760,Not found,18294,NA,
T8D1_GX030333,2024-03-12 11:55:15.367,,2049.16000003814697265625,Media file(s),player #1:D:/backup/Turtle_8_1203/day1/acc_analysis/GX030333.MP4,1678624388.0,2063.360,25.000,,biting,,START,1678625121.800,Not found,18345,NA,
T8D1_GX030333,2024-03-12 11:55:15.367,,2049.16000003814697265625,Media file(s),player #1:D:/backup/Turtle_8_1203/day1/acc_analysis/GX030333.MP4,1678624388.0,2063.360,25.000,,flippers,,STOP,1678625121.800,Not found,18345,NA,
T8D1_GX030333,2024-03-12 11:55:15.367,,2049.16000003814697265625,Media file(s),player #1:D:/backup/Turtle_8_1203/day1/acc_analysis/GX030333.MP4,1678624388.0,2063.360,25.000,,biting,,STOP,1678625130.919,Not found,NA,NA,
T8D1_GX030333,2024-03-12 11:55:15.367,,2049.16000003814697265625,Media file(s),player #1:D:/backup/Turtle_8_1203/day1/acc_analysis/GX030333.MP4,1678624388.0,2063.360,25.000,,flippers,,START,1678625130.920,Not found,18573,NA,
T8D1_GX030333,2024-03-12 11:55:15.367,,2049.16000003814697265625,Media file(s),player #1:D:/backup/Turtle_8_1203/day1/acc_analysis/GX030333.MP4,1678624388.0,2063.360,25.000,,flippers,,STOP,1678625132.479,Not found,NA,NA,
T8D1_GX030333,2024-03-12 11:55:15.367,,2049.16000003814697265625,Media file(s),player #1:D:/backup/Turtle_8_1203/day1/acc_analysis/GX030333.MP4,1678624388.0,2063.360,25.000,,biting,,START,1678625132.480,Not found,18612,NA,
T8D1_GX030333,2024-03-12 11:55:15.367,,2049.16000003814697265625,Media file(s),player #1:D:/backup/Turtle_8_1203/day1/acc_analysis/GX030333.MP4,1678624388.0,2063.360,25.000,,biting,,STOP,1678625133.479,Not found,NA,NA,
T8D1_GX030333,2024-03-12 11:55:15.367,,2049.16000003814697265625,Media file(s),player #1:D:/backup/Turtle_8_1203/day1/acc_analysis/GX030333.MP4,1678624388.0,2063.360,25.000,,flippers,,START,1678625133.480,Not found,18637,NA,
T8D1_GX030333,2024-03-12 11:55:15.367,,2049.16000003814697265625,Media file(s),player #1:D:/backup/Turtle_8_1203/day1/acc_analysis/GX030333.MP4,1678624388.0,2063.360,25.000,,flippers,,STOP,1678625135.079,Not found,NA,NA,
T8D1_GX030333,2024-03-12 11:55:15.367,,2049.16000003814697265625,Media file(s),player #1:D:/backup/Turtle_8_1203/day1/acc_analysis/GX030333.MP4,1678624388.0,2063.360,25.000,,biting,,START,1678625135.080,Not found,18677,NA,
T8D1_GX030333,2024-03-12 11:55:15.367,,2049.16000003814697265625,Media file(s),player #1:D:/backup/Turtle_8_1203/day1/acc_analysis/GX030333.MP4,1678624388.0,2063.360,25.000,,biting,,STOP,1678625136.159,Not found,NA,NA,
T8D1_GX030333,2024-03-12 11:55:15.367,,2049.16000003814697265625,Media file(s),player #1:D:/backup/Turtle_8_1203/day1/acc_analysis/GX030333.MP4,1678624388.0,2063.360,25.000,,flippers,,START,1678625136.160,Not found,18704,NA,
T8D1_GX030333,2024-03-12 11:55:15.367,,2049.16000003814697265625,Media file(s),player #1:D:/backup/Turtle_8_1203/day1/acc_analysis/GX030333.MP4,1678624388.0,2063.360,25.000,,flippers,,STOP,1678625138.199,Not found,NA,NA,
T8D1_GX030333,2024-03-12 11:55:15.367,,2049.16000003814697265625,Media file(s),player #1:D:/backup/Turtle_8_1203/day1/acc_analysis/GX030333.MP4,1678624388.0,2063.360,25.000,,biting,,START,1678625138.200,Not found,18755,NA,
T8D1_GX030333,2024-03-12 11:55:15.367,,2049.16000003814697265625,Media file(s),player #1:D:/backup/Turtle_8_1203/day1/acc_analysis/GX030333.MP4,1678624388.0,2063.360,25.000,,biting,,STOP,1678625149.720,Not found,19043,NA,
T8D1_GX030333,2024-03-12 11:55:15.367,,2049.16000003814697265625,Media file(s),player #1:D:/backup/Turtle_8_1203/day1/acc_analysis/GX030333.MP4,1678624388.0,2063.360,25.000,,biting,,START,1678625161.720,Not found,19343,NA,
T8D1_GX030333,2024-03-12 11:55:15.367,,2049.16000003814697265625,Media file(s),player #1:D:/backup/Turtle_8_1203/day1/acc_analysis/GX030333.MP4,1678624388.0,2063.360,25.000,,biting,,STOP,1678625163.640,Not found,19391,NA,
T8D1_GX030333,2024-03-12 11:55:15.367,,2049.16000003814697265625,Media file(s),player #1:D:/backup/Turtle_8_1203/day1/acc_analysis/GX030333.MP4,1678624388.0,2063.360,25.000,,breathing,,START,1678625163.920,Not found,19398,NA,
T8D1_GX030333,2024-03-12 11:55:15.367,,2049.16000003814697265625,Media file(s),player #1:D:/backup/Turtle_8_1203/day1/acc_analysis/GX030333.MP4,1678624388.0,2063.360,25.000,,breathing,,STOP,1678625166.120,Not found,19453,NA,
T8D1_GX030333,2024-03-12 11:55:15.367,,2049.16000003814697265625,Media file(s),player #1:D:/backup/Turtle_8_1203/day1/acc_analysis/GX030333.MP4,1678624388.0,2063.360,25.000,,surface,,START,1678625166.120,Not found,19453,NA,
T8D1_GX030333,2024-03-12 11:55:15.367,,2049.16000003814697265625,Media file(s),player #1:D:/backup/Turtle_8_1203/day1/acc_analysis/GX030333.MP4,1678624388.0,2063.360,25.000,,surface,,STOP,1678625167.279,Not found,NA,NA,
T8D1_GX030333,2024-03-12 11:55:15.367,,2049.16000003814697265625,Media file(s),player #1:D:/backup/Turtle_8_1203/day1/acc_analysis/GX030333.MP4,1678624388.0,2063.360,25.000,,breathing,,START,1678625167.280,Not found,19482,NA,
T8D1_GX030333,2024-03-12 11:55:15.367,,2049.16000003814697265625,Media file(s),player #1:D:/backup/Turtle_8_1203/day1/acc_analysis/GX030333.MP4,1678624388.0,2063.360,25.000,,breathing,,STOP,1678625169.239,Not found,NA,NA,
T8D1_GX030333,2024-03-12 11:55:15.367,,2049.16000003814697265625,Media file(s),player #1:D:/backup/Turtle_8_1203/day1/acc_analysis/GX030333.MP4,1678624388.0,2063.360,25.000,,surface,,START,1678625169.240,Not found,19531,NA,
T8D1_GX030333,2024-03-12 11:55:15.367,,2049.16000003814697265625,Media file(s),player #1:D:/backup/Turtle_8_1203/day1/acc_analysis/GX030333.MP4,1678624388.0,2063.360,25.000,,surface,,STOP,1678625170.639,Not found,NA,NA,
T8D1_GX030333,2024-03-12 11:55:15.367,,2049.16000003814697265625,Media file(s),player #1:D:/backup/Turtle_8_1203/day1/acc_analysis/GX030333.MP4,1678624388.0,2063.360,25.000,,swimming,,START,1678625170.640,Not found,19566,NA,
T8D1_GX030333,2024-03-12 11:55:15.367,,2049.16000003814697265625,Media file(s),player #1:D:/backup/Turtle_8_1203/day1/acc_analysis/GX030333.MP4,1678624388.0,2063.360,25.000,,swimming,,STOP,1678625175.320,Not found,19683,NA,
T8D1_GX030333,2024-03-12 11:55:15.367,,2049.16000003814697265625,Media file(s),player #1:D:/backup/Turtle_8_1203/day1/acc_analysis/GX030333.MP4,1678624388.0,2063.360,25.000,,swimming,,START,1678625179.320,Not found,19783,NA,
T8D1_GX030333,2024-03-12 11:55:15.367,,2049.16000003814697265625,Media file(s),player #1:D:/backup/Turtle_8_1203/day1/acc_analysis/GX030333.MP4,1678624388.0,2063.360,25.000,,swimming,,STOP,1678625211.719,Not found,NA,NA,
T8D1_GX030333,2024-03-12 11:55:15.367,,2049.16000003814697265625,Media file(s),player #1:D:/backup/Turtle_8_1203/day1/acc_analysis/GX030333.MP4,1678624388.0,2063.360,25.000,,breathing,,START,1678625211.720,Not found,20593,NA,
T8D1_GX030333,2024-03-12 11:55:15.367,,2049.16000003814697265625,Media file(s),player #1:D:/backup/Turtle_8_1203/day1/acc_analysis/GX030333.MP4,1678624388.0,2063.360,25.000,,breathing,,STOP,1678625214.760,Not found,20669,NA,
T8D1_GX030333,2024-03-12 11:55:15.367,,2049.16000003814697265625,Media file(s),player #1:D:/backup/Turtle_8_1203/day1/acc_analysis/GX030333.MP4,1678624388.0,2063.360,25.000,,swimming,,START,1678625214.760,Not found,20669,NA,
T8D1_GX030333,2024-03-12 11:55:15.367,,2049.16000003814697265625,Media file(s),player #1:D:/backup/Turtle_8_1203/day1/acc_analysis/GX030333.MP4,1678624388.0,2063.360,25.000,,swimming,,STOP,1678625242.040,Not found,21351,NA,
T8D1_GX030333,2024-03-12 11:55:15.367,,2049.16000003814697265625,Media file(s),player #1:D:/backup/Turtle_8_1203/day1/acc_analysis/GX030333.MP4,1678624388.0,2063.360,25.000,,breathing,,START,1678625246.360,Not found,21459,NA,
T8D1_GX030333,2024-03-12 11:55:15.367,,2049.16000003814697265625,Media file(s),player #1:D:/backup/Turtle_8_1203/day1/acc_analysis/GX030333.MP4,1678624388.0,2063.360,25.000,,breathing,,STOP,1678625248.359,Not found,NA,NA,
T8D1_GX030333,2024-03-12 11:55:15.367,,2049.16000003814697265625,Media file(s),player #1:D:/backup/Turtle_8_1203/day1/acc_analysis/GX030333.MP4,1678624388.0,2063.360,25.000,,swimming,,START,1678625248.360,Not found,21509,NA,
T8D1_GX030333,2024-03-12 11:55:15.367,,2049.16000003814697265625,Media file(s),player #1:D:/backup/Turtle_8_1203/day1/acc_analysis/GX030333.MP4,1678624388.0,2063.360,25.000,,swimming,,STOP,1678625285.639,Not found,NA,NA,
T8D1_GX030333,2024-03-12 11:55:15.367,,2049.16000003814697265625,Media file(s),player #1:D:/backup/Turtle_8_1203/day1/acc_analysis/GX030333.MP4,1678624388.0,2063.360,25.000,,edge,,START,1678625285.640,Not found,22441,NA,
T8D1_GX030333,2024-03-12 11:55:15.367,,2049.16000003814697265625,Media file(s),player #1:D:/backup/Turtle_8_1203/day1/acc_analysis/GX030333.MP4,1678624388.0,2063.360,25.000,,edge,,STOP,1678625288.479,Not found,NA,NA,
T8D1_GX030333,2024-03-12 11:55:15.367,,2049.16000003814697265625,Media file(s),player #1:D:/backup/Turtle_8_1203/day1/acc_analysis/GX030333.MP4,1678624388.0,2063.360,25.000,,swimming,,START,1678625288.480,Not found,22512,NA,
T8D1_GX030333,2024-03-12 11:55:15.367,,2049.16000003814697265625,Media file(s),player #1:D:/backup/Turtle_8_1203/day1/acc_analysis/GX030333.MP4,1678624388.0,2063.360,25.000,,swimming,,STOP,1678625357.559,Not found,NA,NA,
T8D1_GX030333,2024-03-12 11:55:15.367,,2049.16000003814697265625,Media file(s),player #1:D:/backup/Turtle_8_1203/day1/acc_analysis/GX030333.MP4,1678624388.0,2063.360,25.000,,biting,,START,1678625357.560,Not found,24239,NA,
T8D1_GX030333,2024-03-12 11:55:15.367,,2049.16000003814697265625,Media file(s),player #1:D:/backup/Turtle_8_1203/day1/acc_analysis/GX030333.MP4,1678624388.0,2063.360,25.000,,biting,,STOP,1678625397.639,Not found,NA,NA,
T8D1_GX030333,2024-03-12 11:55:15.367,,2049.16000003814697265625,Media file(s),player #1:D:/backup/Turtle_8_1203/day1/acc_analysis/GX030333.MP4,1678624388.0,2063.360,25.000,,flippers,,START,1678625397.640,Not found,25241,NA,
T8D1_GX030333,2024-03-12 11:55:15.367,,2049.16000003814697265625,Media file(s),player #1:D:/backup/Turtle_8_1203/day1/acc_analysis/GX030333.MP4,1678624388.0,2063.360,25.000,,flippers,,STOP,1678625400.919,Not found,NA,NA,
T8D1_GX030333,2024-03-12 11:55:15.367,,2049.16000003814697265625,Media file(s),player #1:D:/backup/Turtle_8_1203/day1/acc_analysis/GX030333.MP4,1678624388.0,2063.360,25.000,,biting,,START,1678625400.920,Not found,25323,NA,
T8D1_GX030333,2024-03-12 11:55:15.367,,2049.16000003814697265625,Media file(s),player #1:D:/backup/Turtle_8_1203/day1/acc_analysis/GX030333.MP4,1678624388.0,2063.360,25.000,,biting,,STOP,1678625408.399,Not found,NA,NA,
T8D1_GX030333,2024-03-12 11:55:15.367,,2049.16000003814697265625,Media file(s),player #1:D:/backup/Turtle_8_1203/day1/acc_analysis/GX030333.MP4,1678624388.0,2063.360,25.000,,flippers,,START,1678625408.400,Not found,25510,NA,
T8D1_GX030333,2024-03-12 11:55:15.367,,2049.16000003814697265625,Media file(s),player #1:D:/backup/Turtle_8_1203/day1/acc_analysis/GX030333.MP4,1678624388.0,2063.360,25.000,,flippers,,STOP,1678625411.920,Not found,25598,NA,
T8D1_GX030333,2024-03-12 11:55:15.367,,2049.16000003814697265625,Media file(s),player #1:D:/backup/Turtle_8_1203/day1/acc_analysis/GX030333.MP4,1678624388.0,2063.360,25.000,,biting,,START,1678625412.760,Not found,25619,NA,
T8D1_GX030333,2024-03-12 11:55:15.367,,2049.16000003814697265625,Media file(s),player #1:D:/backup/Turtle_8_1203/day1/acc_analysis/GX030333.MP4,1678624388.0,2063.360,25.000,,biting,,STOP,1678625419.360,Not found,25784,NA,
T8D1_GX030333,2024-03-12 11:55:15.367,,2049.16000003814697265625,Media file(s),player #1:D:/backup/Turtle_8_1203/day1/acc_analysis/GX030333.MP4,1678624388.0,2063.360,25.000,,flippers,,START,1678625422.440,Not found,25861,NA,
T8D1_GX030333,2024-03-12 11:55:15.367,,2049.16000003814697265625,Media file(s),player #1:D:/backup/Turtle_8_1203/day1/acc_analysis/GX030333.MP4,1678624388.0,2063.360,25.000,,flippers,,STOP,1678625425.000,Not found,25925,NA,
T8D1_GX030333,2024-03-12 11:55:15.367,,2049.16000003814697265625,Media file(s),player #1:D:/backup/Turtle_8_1203/day1/acc_analysis/GX030333.MP4,1678624388.0,2063.360,25.000,,swimming,,START,1678625429.200,Not found,26030,NA,
T8D1_GX030333,2024-03-12 11:55:15.367,,2049.16000003814697265625,Media file(s),player #1:D:/backup/Turtle_8_1203/day1/acc_analysis/GX030333.MP4,1678624388.0,2063.360,25.000,,swimming,,STOP,1678625490.320,Not found,27558,NA,
T8D1_GX030333,2024-03-12 11:55:15.367,,2049.16000003814697265625,Media file(s),player #1:D:/backup/Turtle_8_1203/day1/acc_analysis/GX030333.MP4,1678624388.0,2063.360,25.000,,swimming,,START,1678625495.720,Not found,27693,NA,
T8D1_GX030333,2024-03-12 11:55:15.367,,2049.16000003814697265625,Media file(s),player #1:D:/backup/Turtle_8_1203/day1/acc_analysis/GX030333.MP4,1678624388.0,2063.360,25.000,,swimming,,STOP,1678625509.759,Not found,NA,NA,
T8D1_GX030333,2024-03-12 11:55:15.367,,2049.16000003814697265625,Media file(s),player #1:D:/backup/Turtle_8_1203/day1/acc_analysis/GX030333.MP4,1678624388.0,2063.360,25.000,,u-turn,,START,1678625509.760,Not found,28044,NA,
T8D1_GX030333,2024-03-12 11:55:15.367,,2049.16000003814697265625,Media file(s),player #1:D:/backup/Turtle_8_1203/day1/acc_analysis/GX030333.MP4,1678624388.0,2063.360,25.000,,swimming,,START,1678625519.320,Not found,28283,NA,
T8D1_GX030333,2024-03-12 11:55:15.367,,2049.16000003814697265625,Media file(s),player #1:D:/backup/Turtle_8_1203/day1/acc_analysis/GX030333.MP4,1678624388.0,2063.360,25.000,,u-turn,,STOP,1678625519.320,Not found,28283,NA,
T8D1_GX030333,2024-03-12 11:55:15.367,,2049.16000003814697265625,Media file(s),player #1:D:/backup/Turtle_8_1203/day1/acc_analysis/GX030333.MP4,1678624388.0,2063.360,25.000,,swimming,,STOP,1678625548.560,Not found,29014,NA,
T8D1_GX030333,2024-03-12 11:55:15.367,,2049.16000003814697265625,Media file(s),player #1:D:/backup/Turtle_8_1203/day1/acc_analysis/GX030333.MP4,1678624388.0,2063.360,25.000,,breathing,,START,1678625553.000,Not found,29125,NA,
T8D1_GX030333,2024-03-12 11:55:15.367,,2049.16000003814697265625,Media file(s),player #1:D:/backup/Turtle_8_1203/day1/acc_analysis/GX030333.MP4,1678624388.0,2063.360,25.000,,breathing,,STOP,1678625555.440,Not found,29186,NA,
T8D1_GX030333,2024-03-12 11:55:15.367,,2049.16000003814697265625,Media file(s),player #1:D:/backup/Turtle_8_1203/day1/acc_analysis/GX030333.MP4,1678624388.0,2063.360,25.000,,breathing,,START,1678625598.720,Not found,30268,NA,
T8D1_GX030333,2024-03-12 11:55:15.367,,2049.16000003814697265625,Media file(s),player #1:D:/backup/Turtle_8_1203/day1/acc_analysis/GX030333.MP4,1678624388.0,2063.360,25.000,,breathing,,STOP,1678625601.519,Not found,NA,NA,
T8D1_GX030333,2024-03-12 11:55:15.367,,2049.16000003814697265625,Media file(s),player #1:D:/backup/Turtle_8_1203/day1/acc_analysis/GX030333.MP4,1678624388.0,2063.360,25.000,,swimming,,START,1678625603.480,Not found,30387,NA,
T8D1_GX030333,2024-03-12 11:55:15.367,,2049.16000003814697265625,Media file(s),player #1:D:/backup/Turtle_8_1203/day1/acc_analysis/GX030333.MP4,1678624388.0,2063.360,25.000,,swimming,,STOP,1678625605.680,Not found,30442,NA,
T8D1_GX030333,2024-03-12 11:55:15.367,,2049.16000003814697265625,Media file(s),player #1:D:/backup/Turtle_8_1203/day1/acc_analysis/GX030333.MP4,1678624388.0,2063.360,25.000,,locate food,,START,1678625641.840,Not found,31346,NA,
T8D1_GX030333,2024-03-12 11:55:15.367,,2049.16000003814697265625,Media file(s),player #1:D:/backup/Turtle_8_1203/day1/acc_analysis/GX030333.MP4,1678624388.0,2063.360,25.000,,locate food,,STOP,1678625643.799,Not found,NA,NA,
T8D1_GX030333,2024-03-12 11:55:15.367,,2049.16000003814697265625,Media file(s),player #1:D:/backup/Turtle_8_1203/day1/acc_analysis/GX030333.MP4,1678624388.0,2063.360,25.000,,biting,,START,1678625643.800,Not found,31395,NA,
T8D1_GX030333,2024-03-12 11:55:15.367,,2049.16000003814697265625,Media file(s),player #1:D:/backup/Turtle_8_1203/day1/acc_analysis/GX030333.MP4,1678624388.0,2063.360,25.000,,biting,,STOP,1678625660.320,Not found,31808,NA,
T8D1_GX030333,2024-03-12 11:55:15.367,,2049.16000003814697265625,Media file(s),player #1:D:/backup/Turtle_8_1203/day1/acc_analysis/GX030333.MP4,1678624388.0,2063.360,25.000,,swimming,,START,1678625665.680,Not found,31942,NA,
T8D1_GX030333,2024-03-12 11:55:15.367,,2049.16000003814697265625,Media file(s),player #1:D:/backup/Turtle_8_1203/day1/acc_analysis/GX030333.MP4,1678624388.0,2063.360,25.000,,swimming,,STOP,1678625721.399,Not found,NA,NA,
T8D1_GX030333,2024-03-12 11:55:15.367,,2049.16000003814697265625,Media file(s),player #1:D:/backup/Turtle_8_1203/day1/acc_analysis/GX030333.MP4,1678624388.0,2063.360,25.000,,stuck,,START,1678625721.400,Not found,33335,NA,
T8D1_GX030333,2024-03-12 11:55:15.367,,2049.16000003814697265625,Media file(s),player #1:D:/backup/Turtle_8_1203/day1/acc_analysis/GX030333.MP4,1678624388.0,2063.360,25.000,,stuck,,STOP,1678625726.199,Not found,NA,NA,
T8D1_GX030333,2024-03-12 11:55:15.367,,2049.16000003814697265625,Media file(s),player #1:D:/backup/Turtle_8_1203/day1/acc_analysis/GX030333.MP4,1678624388.0,2063.360,25.000,,swimming,,START,1678625726.200,Not found,33455,NA,
T8D1_GX030333,2024-03-12 11:55:15.367,,2049.16000003814697265625,Media file(s),player #1:D:/backup/Turtle_8_1203/day1/acc_analysis/GX030333.MP4,1678624388.0,2063.360,25.000,,swimming,,STOP,1678625739.039,Not found,NA,NA,
T8D1_GX030333,2024-03-12 11:55:15.367,,2049.16000003814697265625,Media file(s),player #1:D:/backup/Turtle_8_1203/day1/acc_analysis/GX030333.MP4,1678624388.0,2063.360,25.000,,breathing,,START,1678625739.040,Not found,33776,NA,
T8D1_GX030333,2024-03-12 11:55:15.367,,2049.16000003814697265625,Media file(s),player #1:D:/backup/Turtle_8_1203/day1/acc_analysis/GX030333.MP4,1678624388.0,2063.360,25.000,,breathing,,STOP,1678625742.479,Not found,NA,NA,
T8D1_GX030333,2024-03-12 11:55:15.367,,2049.16000003814697265625,Media file(s),player #1:D:/backup/Turtle_8_1203/day1/acc_analysis/GX030333.MP4,1678624388.0,2063.360,25.000,,swimming,,START,1678625742.480,Not found,33862,NA,
T8D1_GX030333,2024-03-12 11:55:15.367,,2049.16000003814697265625,Media file(s),player #1:D:/backup/Turtle_8_1203/day1/acc_analysis/GX030333.MP4,1678624388.0,2063.360,25.000,,swimming,,STOP,1678625744.879,Not found,NA,NA,
T8D1_GX030333,2024-03-12 11:55:15.367,,2049.16000003814697265625,Media file(s),player #1:D:/backup/Turtle_8_1203/day1/acc_analysis/GX030333.MP4,1678624388.0,2063.360,25.000,,breathing,,START,1678625744.880,Not found,33922,NA,
T8D1_GX030333,2024-03-12 11:55:15.367,,2049.16000003814697265625,Media file(s),player #1:D:/backup/Turtle_8_1203/day1/acc_analysis/GX030333.MP4,1678624388.0,2063.360,25.000,,breathing,,STOP,1678625747.919,Not found,NA,NA,
T8D1_GX030333,2024-03-12 11:55:15.367,,2049.16000003814697265625,Media file(s),player #1:D:/backup/Turtle_8_1203/day1/acc_analysis/GX030333.MP4,1678624388.0,2063.360,25.000,,swimming,,START,1678625747.920,Not found,33998,NA,
T8D1_GX030333,2024-03-12 11:55:15.367,,2049.16000003814697265625,Media file(s),player #1:D:/backup/Turtle_8_1203/day1/acc_analysis/GX030333.MP4,1678624388.0,2063.360,25.000,,swimming,,STOP,1678625775.239,Not found,NA,NA,
T8D1_GX030333,2024-03-12 11:55:15.367,,2049.16000003814697265625,Media file(s),player #1:D:/backup/Turtle_8_1203/day1/acc_analysis/GX030333.MP4,1678624388.0,2063.360,25.000,,u-turn,,START,1678625775.240,Not found,34681,NA,
T8D1_GX030333,2024-03-12 11:55:15.367,,2049.16000003814697265625,Media file(s),player #1:D:/backup/Turtle_8_1203/day1/acc_analysis/GX030333.MP4,1678624388.0,2063.360,25.000,,swimming,,START,1678625781.400,Not found,NA,NA,
T8D1_GX030333,2024-03-12 11:55:15.367,,2049.16000003814697265625,Media file(s),player #1:D:/backup/Turtle_8_1203/day1/acc_analysis/GX030333.MP4,1678624388.0,2063.360,25.000,,u-turn,,STOP,1678625781.400,Not found,34835,NA,
T8D1_GX030333,2024-03-12 11:55:15.367,,2049.16000003814697265625,Media file(s),player #1:D:/backup/Turtle_8_1203/day1/acc_analysis/GX030333.MP4,1678624388.0,2063.360,25.000,,edge,,START,1678625788.520,Not found,35013,NA,
T8D1_GX030333,2024-03-12 11:55:15.367,,2049.16000003814697265625,Media file(s),player #1:D:/backup/Turtle_8_1203/day1/acc_analysis/GX030333.MP4,1678624388.0,2063.360,25.000,,swimming,,STOP,1678625788.520,Not found,35013,NA,
T8D1_GX030333,2024-03-12 11:55:15.367,,2049.16000003814697265625,Media file(s),player #1:D:/backup/Turtle_8_1203/day1/acc_analysis/GX030333.MP4,1678624388.0,2063.360,25.000,,edge,,STOP,1678625793.159,Not found,NA,NA,
T8D1_GX030333,2024-03-12 11:55:15.367,,2049.16000003814697265625,Media file(s),player #1:D:/backup/Turtle_8_1203/day1/acc_analysis/GX030333.MP4,1678624388.0,2063.360,25.000,,swimming,,START,1678625793.160,Not found,35129,NA,
T8D1_GX030333,2024-03-12 11:55:15.367,,2049.16000003814697265625,Media file(s),player #1:D:/backup/Turtle_8_1203/day1/acc_analysis/GX030333.MP4,1678624388.0,2063.360,25.000,,swimming,,STOP,1678625798.439,Not found,NA,NA,
T8D1_GX030333,2024-03-12 11:55:15.367,,2049.16000003814697265625,Media file(s),player #1:D:/backup/Turtle_8_1203/day1/acc_analysis/GX030333.MP4,1678624388.0,2063.360,25.000,,edge,,START,1678625798.440,Not found,35261,NA,
T8D1_GX030333,2024-03-12 11:55:15.367,,2049.16000003814697265625,Media file(s),player #1:D:/backup/Turtle_8_1203/day1/acc_analysis/GX030333.MP4,1678624388.0,2063.360,25.000,,edge,,STOP,1678625806.919,Not found,NA,NA,
T8D1_GX030333,2024-03-12 11:55:15.367,,2049.16000003814697265625,Media file(s),player #1:D:/backup/Turtle_8_1203/day1/acc_analysis/GX030333.MP4,1678624388.0,2063.360,25.000,,swimming,,START,1678625806.920,Not found,35473,NA,
T8D1_GX030333,2024-03-12 11:55:15.367,,2049.16000003814697265625,Media file(s),player #1:D:/backup/Turtle_8_1203/day1/acc_analysis/GX030333.MP4,1678624388.0,2063.360,25.000,,swimming,,STOP,1678625807.519,Not found,NA,NA,
T8D1_GX030333,2024-03-12 11:55:15.367,,2049.16000003814697265625,Media file(s),player #1:D:/backup/Turtle_8_1203/day1/acc_analysis/GX030333.MP4,1678624388.0,2063.360,25.000,,breathing,,START,1678625807.520,Not found,35488,NA,
T8D1_GX030333,2024-03-12 11:55:15.367,,2049.16000003814697265625,Media file(s),player #1:D:/backup/Turtle_8_1203/day1/acc_analysis/GX030333.MP4,1678624388.0,2063.360,25.000,,breathing,,STOP,1678625810.280,Not found,35557,NA,
T8D1_GX030333,2024-03-12 11:55:15.367,,2049.16000003814697265625,Media file(s),player #1:D:/backup/Turtle_8_1203/day1/acc_analysis/GX030333.MP4,1678624388.0,2063.360,25.000,,swimming,,START,1678625810.280,Not found,35557,NA,
T8D1_GX030333,2024-03-12 11:55:15.367,,2049.16000003814697265625,Media file(s),player #1:D:/backup/Turtle_8_1203/day1/acc_analysis/GX030333.MP4,1678624388.0,2063.360,25.000,,swimming,,STOP,1678625825.599,Not found,NA,NA,
T8D1_GX030333,2024-03-12 11:55:15.367,,2049.16000003814697265625,Media file(s),player #1:D:/backup/Turtle_8_1203/day1/acc_analysis/GX030333.MP4,1678624388.0,2063.360,25.000,,edge,,START,1678625825.600,Not found,35940,NA,
T8D1_GX030333,2024-03-12 11:55:15.367,,2049.16000003814697265625,Media file(s),player #1:D:/backup/Turtle_8_1203/day1/acc_analysis/GX030333.MP4,1678624388.0,2063.360,25.000,,edge,,STOP,1678625827.759,Not found,NA,NA,
T8D1_GX030333,2024-03-12 11:55:15.367,,2049.16000003814697265625,Media file(s),player #1:D:/backup/Turtle_8_1203/day1/acc_analysis/GX030333.MP4,1678624388.0,2063.360,25.000,,swimming,,START,1678625827.760,Not found,NA,NA,
T8D1_GX030333,2024-03-12 11:55:15.367,,2049.16000003814697265625,Media file(s),player #1:D:/backup/Turtle_8_1203/day1/acc_analysis/GX030333.MP4,1678624388.0,2063.360,25.000,,swimming,,STOP,1678625831.439,Not found,NA,NA,
T8D1_GX030333,2024-03-12 11:55:15.367,,2049.16000003814697265625,Media file(s),player #1:D:/backup/Turtle_8_1203/day1/acc_analysis/GX030333.MP4,1678624388.0,2063.360,25.000,,edge,,START,1678625831.440,Not found,36086,NA,
T8D1_GX030333,2024-03-12 11:55:15.367,,2049.16000003814697265625,Media file(s),player #1:D:/backup/Turtle_8_1203/day1/acc_analysis/GX030333.MP4,1678624388.0,2063.360,25.000,,edge,,STOP,1678625843.279,Not found,NA,NA,
T8D1_GX030333,2024-03-12 11:55:15.367,,2049.16000003814697265625,Media file(s),player #1:D:/backup/Turtle_8_1203/day1/acc_analysis/GX030333.MP4,1678624388.0,2063.360,25.000,,breathing,,START,1678625844.840,Not found,36421,NA,
T8D1_GX030333,2024-03-12 11:55:15.367,,2049.16000003814697265625,Media file(s),player #1:D:/backup/Turtle_8_1203/day1/acc_analysis/GX030333.MP4,1678624388.0,2063.360,25.000,,breathing,,STOP,1678625846.360,Not found,36459,NA,
T8D1_GX030333,2024-03-12 11:55:15.367,,2049.16000003814697265625,Media file(s),player #1:D:/backup/Turtle_8_1203/day1/acc_analysis/GX030333.MP4,1678624388.0,2063.360,25.000,,swimming,,START,1678625853.360,Not found,36634,NA,
T8D1_GX030333,2024-03-12 11:55:15.367,,2049.16000003814697265625,Media file(s),player #1:D:/backup/Turtle_8_1203/day1/acc_analysis/GX030333.MP4,1678624388.0,2063.360,25.000,,swimming,,STOP,1678625859.919,Not found,NA,NA,
T8D1_GX030333,2024-03-12 11:55:15.367,,2049.16000003814697265625,Media file(s),player #1:D:/backup/Turtle_8_1203/day1/acc_analysis/GX030333.MP4,1678624388.0,2063.360,25.000,,edge,,START,1678625859.920,Not found,36798,NA,
T8D1_GX030333,2024-03-12 11:55:15.367,,2049.16000003814697265625,Media file(s),player #1:D:/backup/Turtle_8_1203/day1/acc_analysis/GX030333.MP4,1678624388.0,2063.360,25.000,,edge,,STOP,1678625866.919,Not found,NA,NA,
T8D1_GX030333,2024-03-12 11:55:15.367,,2049.16000003814697265625,Media file(s),player #1:D:/backup/Turtle_8_1203/day1/acc_analysis/GX030333.MP4,1678624388.0,2063.360,25.000,,swimming,,START,1678625866.920,Not found,36973,NA,
T8D1_GX030333,2024-03-12 11:55:15.367,,2049.16000003814697265625,Media file(s),player #1:D:/backup/Turtle_8_1203/day1/acc_analysis/GX030333.MP4,1678624388.0,2063.360,25.000,,swimming,,STOP,1678625872.119,Not found,NA,NA,
T8D1_GX030333,2024-03-12 11:55:15.367,,2049.16000003814697265625,Media file(s),player #1:D:/backup/Turtle_8_1203/day1/acc_analysis/GX030333.MP4,1678624388.0,2063.360,25.000,,edge,,START,1678625872.120,Not found,37103,NA,
T8D1_GX030333,2024-03-12 11:55:15.367,,2049.16000003814697265625,Media file(s),player #1:D:/backup/Turtle_8_1203/day1/acc_analysis/GX030333.MP4,1678624388.0,2063.360,25.000,,edge,,STOP,1678625881.920,Not found,37348,NA,
T8D1_GX030333,2024-03-12 11:55:15.367,,2049.16000003814697265625,Media file(s),player #1:D:/backup/Turtle_8_1203/day1/acc_analysis/GX030333.MP4,1678624388.0,2063.360,25.000,,breathing,,START,1678625885.080,Not found,37427,NA,
T8D1_GX030333,2024-03-12 11:55:15.367,,2049.16000003814697265625,Media file(s),player #1:D:/backup/Turtle_8_1203/day1/acc_analysis/GX030333.MP4,1678624388.0,2063.360,25.000,,breathing,,STOP,1678625888.280,Not found,37507,NA,
T8D1_GX030333,2024-03-12 11:55:15.367,,2049.16000003814697265625,Media file(s),player #1:D:/backup/Turtle_8_1203/day1/acc_analysis/GX030333.MP4,1678624388.0,2063.360,25.000,,breathing,,START,1678625898.120,Not found,37753,NA,
T8D1_GX030333,2024-03-12 11:55:15.367,,2049.16000003814697265625,Media file(s),player #1:D:/backup/Turtle_8_1203/day1/acc_analysis/GX030333.MP4,1678624388.0,2063.360,25.000,,breathing,,STOP,1678625899.680,Not found,37792,NA,
T8D1_GX030333,2024-03-12 11:55:15.367,,2049.16000003814697265625,Media file(s),player #1:D:/backup/Turtle_8_1203/day1/acc_analysis/GX030333.MP4,1678624388.0,2063.360,25.000,,swimming,,START,1678625901.560,Not found,37839,NA,
T8D1_GX030333,2024-03-12 11:55:15.367,,2049.16000003814697265625,Media file(s),player #1:D:/backup/Turtle_8_1203/day1/acc_analysis/GX030333.MP4,1678624388.0,2063.360,25.000,,swimming,,STOP,1678625905.639,Not found,NA,NA,
T8D1_GX030333,2024-03-12 11:55:15.367,,2049.16000003814697265625,Media file(s),player #1:D:/backup/Turtle_8_1203/day1/acc_analysis/GX030333.MP4,1678624388.0,2063.360,25.000,,edge,,START,1678625905.640,Not found,37941,NA,
T8D1_GX030333,2024-03-12 11:55:15.367,,2049.16000003814697265625,Media file(s),player #1:D:/backup/Turtle_8_1203/day1/acc_analysis/GX030333.MP4,1678624388.0,2063.360,25.000,,edge,,STOP,1678625910.040,Not found,38051,NA,
T8D1_GX030333,2024-03-12 11:55:15.367,,2049.16000003814697265625,Media file(s),player #1:D:/backup/Turtle_8_1203/day1/acc_analysis/GX030333.MP4,1678624388.0,2063.360,25.000,,swimming,,START,1678625910.040,Not found,NA,NA,
T8D1_GX030333,2024-03-12 11:55:15.367,,2049.16000003814697265625,Media file(s),player #1:D:/backup/Turtle_8_1203/day1/acc_analysis/GX030333.MP4,1678624388.0,2063.360,25.000,,swimming,,STOP,1678625913.680,Not found,38142,NA,
T8D1_GX030333,2024-03-12 11:55:15.367,,2049.16000003814697265625,Media file(s),player #1:D:/backup/Turtle_8_1203/day1/acc_analysis/GX030333.MP4,1678624388.0,2063.360,25.000,,swimming,,START,1678625916.120,Not found,38203,NA,
T8D1_GX030333,2024-03-12 11:55:15.367,,2049.16000003814697265625,Media file(s),player #1:D:/backup/Turtle_8_1203/day1/acc_analysis/GX030333.MP4,1678624388.0,2063.360,25.000,,edge,,START,1678625924.520,Not found,38413,NA,
T8D1_GX030333,2024-03-12 11:55:15.367,,2049.16000003814697265625,Media file(s),player #1:D:/backup/Turtle_8_1203/day1/acc_analysis/GX030333.MP4,1678624388.0,2063.360,25.000,,swimming,,STOP,1678625924.520,Not found,38413,NA,
T8D1_GX030333,2024-03-12 11:55:15.367,,2049.16000003814697265625,Media file(s),player #1:D:/backup/Turtle_8_1203/day1/acc_analysis/GX030333.MP4,1678624388.0,2063.360,25.000,,edge,,STOP,1678625941.160,Not found,38829,NA,
T8D1_GX030333,2024-03-12 11:55:15.367,,2049.16000003814697265625,Media file(s),player #1:D:/backup/Turtle_8_1203/day1/acc_analysis/GX030333.MP4,1678624388.0,2063.360,25.000,,assisted resting,,START,1678625949.600,Not found,39040,NA,
T8D1_GX030333,2024-03-12 11:55:15.367,,2049.16000003814697265625,Media file(s),player #1:D:/backup/Turtle_8_1203/day1/acc_analysis/GX030333.MP4,1678624388.0,2063.360,25.000,,assisted resting,,STOP,1678626014.960,Not found,40674,NA,
T8D1_GX030333,2024-03-12 11:55:15.367,,2049.16000003814697265625,Media file(s),player #1:D:/backup/Turtle_8_1203/day1/acc_analysis/GX030333.MP4,1678624388.0,2063.360,25.000,,swimming,,START,1678626019.440,Not found,40786,NA,
T8D1_GX030333,2024-03-12 11:55:15.367,,2049.16000003814697265625,Media file(s),player #1:D:/backup/Turtle_8_1203/day1/acc_analysis/GX030333.MP4,1678624388.0,2063.360,25.000,,swimming,,STOP,1678626028.919,Not found,NA,NA,
T8D1_GX030333,2024-03-12 11:55:15.367,,2049.16000003814697265625,Media file(s),player #1:D:/backup/Turtle_8_1203/day1/acc_analysis/GX030333.MP4,1678624388.0,2063.360,25.000,,biting,,START,1678626029.440,Not found,41036,NA,
T8D1_GX030333,2024-03-12 11:55:15.367,,2049.16000003814697265625,Media file(s),player #1:D:/backup/Turtle_8_1203/day1/acc_analysis/GX030333.MP4,1678624388.0,2063.360,25.000,,biting,,STOP,1678626035.400,Not found,41185,NA,
T8D1_GX030333,2024-03-12 11:55:15.367,,2049.16000003814697265625,Media file(s),player #1:D:/backup/Turtle_8_1203/day1/acc_analysis/GX030333.MP4,1678624388.0,2063.360,25.000,,swimming,,START,1678626037.520,Not found,41238,NA,
T8D1_GX030333,2024-03-12 11:55:15.367,,2049.16000003814697265625,Media file(s),player #1:D:/backup/Turtle_8_1203/day1/acc_analysis/GX030333.MP4,1678624388.0,2063.360,25.000,,swimming,,STOP,1678626051.480,Not found,41587,NA,
T8D1_GX030333,2024-03-12 11:55:15.367,,2049.16000003814697265625,Media file(s),player #1:D:/backup/Turtle_8_1203/day1/acc_analysis/GX030333.MP4,1678624388.0,2063.360,25.000,,edge,,START,1678626051.920,Not found,41598,NA,
T8D1_GX030333,2024-03-12 11:55:15.367,,2049.16000003814697265625,Media file(s),player #1:D:/backup/Turtle_8_1203/day1/acc_analysis/GX030333.MP4,1678624388.0,2063.360,25.000,,edge,,STOP,1678626064.799,Not found,NA,NA,
T8D1_GX030333,2024-03-12 11:55:15.367,,2049.16000003814697265625,Media file(s),player #1:D:/backup/Turtle_8_1203/day1/acc_analysis/GX030333.MP4,1678624388.0,2063.360,25.000,,swimming,,START,1678626064.800,Not found,41920,NA,
T8D1_GX030333,2024-03-12 11:55:15.367,,2049.16000003814697265625,Media file(s),player #1:D:/backup/Turtle_8_1203/day1/acc_analysis/GX030333.MP4,1678624388.0,2063.360,25.000,,swimming,,STOP,1678626079.760,Not found,42294,NA,
T8D1_GX030333,2024-03-12 11:55:15.367,,2049.16000003814697265625,Media file(s),player #1:D:/backup/Turtle_8_1203/day1/acc_analysis/GX030333.MP4,1678624388.0,2063.360,25.000,,edge,,START,1678626082.800,Not found,42370,NA,
T8D1_GX030333,2024-03-12 11:55:15.367,,2049.16000003814697265625,Media file(s),player #1:D:/backup/Turtle_8_1203/day1/acc_analysis/GX030333.MP4,1678624388.0,2063.360,25.000,,edge,,STOP,1678626087.200,Not found,42480,NA,
T8D1_GX030333,2024-03-12 11:55:15.367,,2049.16000003814697265625,Media file(s),player #1:D:/backup/Turtle_8_1203/day1/acc_analysis/GX030333.MP4,1678624388.0,2063.360,25.000,,breathing,,START,1678626093.000,Not found,42625,NA,
T8D1_GX030333,2024-03-12 11:55:15.367,,2049.16000003814697265625,Media file(s),player #1:D:/backup/Turtle_8_1203/day1/acc_analysis/GX030333.MP4,1678624388.0,2063.360,25.000,,breathing,,STOP,1678626095.640,Not found,42691,NA,
T8D1_GX030333,2024-03-12 11:55:15.367,,2049.16000003814697265625,Media file(s),player #1:D:/backup/Turtle_8_1203/day1/acc_analysis/GX030333.MP4,1678624388.0,2063.360,25.000,,swimming,,START,1678626097.000,Not found,42725,NA,
T8D1_GX030333,2024-03-12 11:55:15.367,,2049.16000003814697265625,Media file(s),player #1:D:/backup/Turtle_8_1203/day1/acc_analysis/GX030333.MP4,1678624388.0,2063.360,25.000,,swimming,,STOP,1678626104.039,Not found,NA,NA,
T8D1_GX030333,2024-03-12 11:55:15.367,,2049.16000003814697265625,Media file(s),player #1:D:/backup/Turtle_8_1203/day1/acc_analysis/GX030333.MP4,1678624388.0,2063.360,25.000,,edge,,START,1678626104.040,Not found,42901,NA,
T8D1_GX030333,2024-03-12 11:55:15.367,,2049.16000003814697265625,Media file(s),player #1:D:/backup/Turtle_8_1203/day1/acc_analysis/GX030333.MP4,1678624388.0,2063.360,25.000,,edge,,STOP,1678626108.119,Not found,NA,NA,
T8D1_GX030333,2024-03-12 11:55:15.367,,2049.16000003814697265625,Media file(s),player #1:D:/backup/Turtle_8_1203/day1/acc_analysis/GX030333.MP4,1678624388.0,2063.360,25.000,,swimming,,START,1678626108.120,Not found,43003,NA,
T8D1_GX030333,2024-03-12 11:55:15.367,,2049.16000003814697265625,Media file(s),player #1:D:/backup/Turtle_8_1203/day1/acc_analysis/GX030333.MP4,1678624388.0,2063.360,25.000,,swimming,,STOP,1678626115.999,Not found,NA,NA,
T8D1_GX030333,2024-03-12 11:55:15.367,,2049.16000003814697265625,Media file(s),player #1:D:/backup/Turtle_8_1203/day1/acc_analysis/GX030333.MP4,1678624388.0,2063.360,25.000,,edge,,START,1678626116.000,Not found,43200,NA,
T8D1_GX030333,2024-03-12 11:55:15.367,,2049.16000003814697265625,Media file(s),player #1:D:/backup/Turtle_8_1203/day1/acc_analysis/GX030333.MP4,1678624388.0,2063.360,25.000,,edge,,STOP,1678626122.879,Not found,NA,NA,
T8D1_GX030333,2024-03-12 11:55:15.367,,2049.16000003814697265625,Media file(s),player #1:D:/backup/Turtle_8_1203/day1/acc_analysis/GX030333.MP4,1678624388.0,2063.360,25.000,,breathing,,START,1678626122.880,Not found,43372,NA,
T8D1_GX030333,2024-03-12 11:55:15.367,,2049.16000003814697265625,Media file(s),player #1:D:/backup/Turtle_8_1203/day1/acc_analysis/GX030333.MP4,1678624388.0,2063.360,25.000,,breathing,,STOP,1678626125.920,Not found,43448,NA,
T8D1_GX030333,2024-03-12 11:55:15.367,,2049.16000003814697265625,Media file(s),player #1:D:/backup/Turtle_8_1203/day1/acc_analysis/GX030333.MP4,1678624388.0,2063.360,25.000,,breathing,,START,1678626132.200,Not found,43605,NA,
T8D1_GX030333,2024-03-12 11:55:15.367,,2049.16000003814697265625,Media file(s),player #1:D:/backup/Turtle_8_1203/day1/acc_analysis/GX030333.MP4,1678624388.0,2063.360,25.000,,breathing,,STOP,1678626135.080,Not found,43677,NA,
T8D1_GX030333,2024-03-12 11:55:15.367,,2049.16000003814697265625,Media file(s),player #1:D:/backup/Turtle_8_1203/day1/acc_analysis/GX030333.MP4,1678624388.0,2063.360,25.000,,swimming,,START,1678626137.280,Not found,43732,NA,
T8D1_GX030333,2024-03-12 11:55:15.367,,2049.16000003814697265625,Media file(s),player #1:D:/backup/Turtle_8_1203/day1/acc_analysis/GX030333.MP4,1678624388.0,2063.360,25.000,,swimming,,STOP,1678626142.679,Not found,NA,NA,
T8D1_GX030333,2024-03-12 11:55:15.367,,2049.16000003814697265625,Media file(s),player #1:D:/backup/Turtle_8_1203/day1/acc_analysis/GX030333.MP4,1678624388.0,2063.360,25.000,,edge,,START,1678626142.680,Not found,43867,NA,
T8D1_GX030333,2024-03-12 11:55:15.367,,2049.16000003814697265625,Media file(s),player #1:D:/backup/Turtle_8_1203/day1/acc_analysis/GX030333.MP4,1678624388.0,2063.360,25.000,,edge,,STOP,1678626150.239,Not found,NA,NA,
T8D1_GX030333,2024-03-12 11:55:15.367,,2049.16000003814697265625,Media file(s),player #1:D:/backup/Turtle_8_1203/day1/acc_analysis/GX030333.MP4,1678624388.0,2063.360,25.000,,swimming,,START,1678626150.240,Not found,44056,NA,
T8D1_GX030333,2024-03-12 11:55:15.367,,2049.16000003814697265625,Media file(s),player #1:D:/backup/Turtle_8_1203/day1/acc_analysis/GX030333.MP4,1678624388.0,2063.360,25.000,,swimming,,STOP,1678626156.679,Not found,NA,NA,
T8D1_GX030333,2024-03-12 11:55:15.367,,2049.16000003814697265625,Media file(s),player #1:D:/backup/Turtle_8_1203/day1/acc_analysis/GX030333.MP4,1678624388.0,2063.360,25.000,,breathing,,START,1678626156.680,Not found,44217,NA,
T8D1_GX030333,2024-03-12 11:55:15.367,,2049.16000003814697265625,Media file(s),player #1:D:/backup/Turtle_8_1203/day1/acc_analysis/GX030333.MP4,1678624388.0,2063.360,25.000,,breathing,,STOP,1678626160.680,Not found,44317,NA,
T8D1_GX030333,2024-03-12 11:55:15.367,,2049.16000003814697265625,Media file(s),player #1:D:/backup/Turtle_8_1203/day1/acc_analysis/GX030333.MP4,1678624388.0,2063.360,25.000,,swimming,,START,1678626162.960,Not found,44374,NA,
T8D1_GX030333,2024-03-12 11:55:15.367,,2049.16000003814697265625,Media file(s),player #1:D:/backup/Turtle_8_1203/day1/acc_analysis/GX030333.MP4,1678624388.0,2063.360,25.000,,swimming,,STOP,1678626225.360,Not found,45934,NA,
T8D1_GX030333,2024-03-12 11:55:15.367,,2049.16000003814697265625,Media file(s),player #1:D:/backup/Turtle_8_1203/day1/acc_analysis/GX030333.MP4,1678624388.0,2063.360,25.000,,swimming,,START,1678626228.080,Not found,46002,NA,
T8D1_GX030333,2024-03-12 11:55:15.367,,2049.16000003814697265625,Media file(s),player #1:D:/backup/Turtle_8_1203/day1/acc_analysis/GX030333.MP4,1678624388.0,2063.360,25.000,,swimming,,STOP,1678626232.999,Not found,NA,NA,
T8D1_GX030333,2024-03-12 11:55:15.367,,2049.16000003814697265625,Media file(s),player #1:D:/backup/Turtle_8_1203/day1/acc_analysis/GX030333.MP4,1678624388.0,2063.360,25.000,,breathing,,START,1678626233.000,Not found,46125,NA,
T8D1_GX030333,2024-03-12 11:55:15.367,,2049.16000003814697265625,Media file(s),player #1:D:/backup/Turtle_8_1203/day1/acc_analysis/GX030333.MP4,1678624388.0,2063.360,25.000,,breathing,,STOP,1678626235.920,Not found,46198,NA,
T8D1_GX030333,2024-03-12 11:55:15.367,,2049.16000003814697265625,Media file(s),player #1:D:/backup/Turtle_8_1203/day1/acc_analysis/GX030333.MP4,1678624388.0,2063.360,25.000,,swimming,,START,1678626235.920,Not found,46198,NA,
T8D1_GX030333,2024-03-12 11:55:15.367,,2049.16000003814697265625,Media file(s),player #1:D:/backup/Turtle_8_1203/day1/acc_analysis/GX030333.MP4,1678624388.0,2063.360,25.000,,swimming,,STOP,1678626244.200,Not found,46405,NA,
T8D1_GX030333,2024-03-12 11:55:15.367,,2049.16000003814697265625,Media file(s),player #1:D:/backup/Turtle_8_1203/day1/acc_analysis/GX030333.MP4,1678624388.0,2063.360,25.000,,edge,,START,1678626297.840,Not found,47746,NA,
T8D1_GX030333,2024-03-12 11:55:15.367,,2049.16000003814697265625,Media file(s),player #1:D:/backup/Turtle_8_1203/day1/acc_analysis/GX030333.MP4,1678624388.0,2063.360,25.000,,edge,,STOP,1678626305.799,Not found,NA,NA,
T8D1_GX030333,2024-03-12 11:55:15.367,,2049.16000003814697265625,Media file(s),player #1:D:/backup/Turtle_8_1203/day1/acc_analysis/GX030333.MP4,1678624388.0,2063.360,25.000,,still,,START,1678626321.320,Not found,48333,NA,
T8D1_GX030333,2024-03-12 11:55:15.367,,2049.16000003814697265625,Media file(s),player #1:D:/backup/Turtle_8_1203/day1/acc_analysis/GX030333.MP4,1678624388.0,2063.360,25.000,,still,,STOP,1678626328.560,Not found,48514,NA,
T8D1_GX030333,2024-03-12 11:55:15.367,,2049.16000003814697265625,Media file(s),player #1:D:/backup/Turtle_8_1203/day1/acc_analysis/GX030333.MP4,1678624388.0,2063.360,25.000,,swimming,,START,1678626385.920,Not found,49948,NA,
T8D1_GX030333,2024-03-12 11:55:15.367,,2049.16000003814697265625,Media file(s),player #1:D:/backup/Turtle_8_1203/day1/acc_analysis/GX030333.MP4,1678624388.0,2063.360,25.000,,edge,,START,1678626392.440,Not found,50111,NA,
T8D1_GX030333,2024-03-12 11:55:15.367,,2049.16000003814697265625,Media file(s),player #1:D:/backup/Turtle_8_1203/day1/acc_analysis/GX030333.MP4,1678624388.0,2063.360,25.000,,swimming,,STOP,1678626392.440,Not found,50111,NA,
T8D1_GX030333,2024-03-12 11:55:15.367,,2049.16000003814697265625,Media file(s),player #1:D:/backup/Turtle_8_1203/day1/acc_analysis/GX030333.MP4,1678624388.0,2063.360,25.000,,edge,,STOP,1678626401.400,Not found,50335,NA,
T8D1_GX030333,2024-03-12 11:55:15.367,,2049.16000003814697265625,Media file(s),player #1:D:/backup/Turtle_8_1203/day1/acc_analysis/GX030333.MP4,1678624388.0,2063.360,25.000,,swimming,,START,1678626403.560,Not found,50389,NA,
T8D1_GX030333,2024-03-12 11:55:15.367,,2049.16000003814697265625,Media file(s),player #1:D:/backup/Turtle_8_1203/day1/acc_analysis/GX030333.MP4,1678624388.0,2063.360,25.000,,swimming,,STOP,1678626437.200,Not found,51230,NA,
